,scenario_number,dataset_id,indexes
0,5,0,"[10, 182, 190, 163, 44]"
1,5,1,"[127, 147, 170, 197, 79]"
2,5,2,"[86, 124, 44, 162, 87]"
3,5,3,"[186, 189, 81, 43, 161]"
4,5,4,"[149, 114, 164, 2, 146]"
5,5,5,"[103, 193, 125, 137, 15]"
6,5,6,"[4, 142, 120, 63, 21]"
7,5,7,"[134, 168, 146, 47, 22]"
8,5,8,"[199, 165, 117, 157, 46]"
9,5,9,"[191, 1, 164, 146, 129]"
10,5,10,"[186, 179, 177, 59, 154]"
11,5,11,"[191, 179, 47, 98, 46]"
12,5,12,"[103, 179, 23, 97, 166]"
13,5,13,"[65, 5, 63, 119, 44]"
14,5,14,"[53, 165, 197, 164, 162]"
15,5,15,"[96, 38, 61, 117, 40]"
16,5,16,"[80, 141, 137, 190, 46]"
17,5,17,"[24, 180, 117, 61, 137]"
18,5,18,"[199, 100, 19, 98, 108]"
19,5,19,"[140, 33, 37, 121, 184]"
20,10,0,"[10, 182, 190, 163, 44, 118, 1, 177, 185, 81]"
21,10,1,"[127, 147, 170, 197, 79, 82, 143, 63, 129, 146]"
22,10,2,"[86, 124, 44, 162, 87, 62, 128, 2, 52, 97]"
23,10,3,"[186, 189, 81, 43, 161, 36, 179, 17, 119, 41]"
24,10,4,"[149, 114, 164, 2, 146, 191, 112, 81, 190, 188]"
25,10,5,"[103, 193, 125, 137, 15, 111, 151, 190, 135, 145]"
26,10,6,"[4, 142, 120, 63, 21, 133, 158, 61, 87, 185]"
27,10,7,"[134, 168, 146, 47, 22, 90, 143, 176, 79, 98]"
28,10,8,"[199, 165, 117, 157, 46, 181, 138, 106, 129, 47]"
29,10,9,"[191, 1, 164, 146, 129, 140, 182, 8, 58, 69]"
30,10,10,"[186, 179, 177, 59, 154, 103, 112, 152, 23, 164]"
31,10,11,"[191, 179, 47, 98, 46, 4, 143, 154, 197, 87]"
32,10,12,"[103, 179, 23, 97, 166, 6, 114, 154, 110, 105]"
33,10,13,"[65, 5, 63, 119, 44, 171, 9, 110, 197, 97]"
34,10,14,"[53, 165, 197, 164, 162, 82, 147, 187, 40, 56]"
35,10,15,"[96, 38, 61, 117, 40, 127, 67, 94, 190, 119]"
36,10,16,"[80, 141, 137, 190, 46, 50, 179, 117, 61, 129]"
37,10,17,"[24, 180, 117, 61, 137, 90, 109, 17, 98, 15]"
38,10,18,"[199, 100, 19, 98, 108, 86, 147, 81, 37, 87]"
39,10,19,"[140, 33, 37, 121, 184, 82, 168, 152, 166, 162]"
40,15,0,"[10, 182, 190, 163, 44, 118, 1, 177, 185, 81, 32, 168, 154, 137, 41]"
41,15,1,"[127, 147, 170, 197, 79, 82, 143, 63, 129, 146, 4, 180, 190, 47, 187]"
42,15,2,"[86, 124, 44, 162, 87, 62, 128, 2, 52, 97, 55, 138, 61, 46, 177]"
43,15,3,"[186, 189, 81, 43, 161, 36, 179, 17, 119, 41, 88, 30, 52, 146, 45]"
44,15,4,"[149, 114, 164, 2, 146, 191, 112, 81, 190, 188, 13, 194, 45, 105, 172]"
45,15,5,"[103, 193, 125, 137, 15, 111, 151, 190, 135, 145, 199, 35, 146, 8, 119]"
46,15,6,"[4, 142, 120, 63, 21, 133, 158, 61, 87, 185, 199, 189, 97, 94, 17]"
47,15,7,"[134, 168, 146, 47, 22, 90, 143, 176, 79, 98, 82, 3, 43, 135, 161]"
48,15,8,"[199, 165, 117, 157, 46, 181, 138, 106, 129, 47, 86, 83, 176, 40, 21]"
49,15,9,"[191, 1, 164, 146, 129, 140, 182, 8, 58, 69, 196, 68, 105, 87, 121]"
50,15,10,"[186, 179, 177, 59, 154, 103, 112, 152, 23, 164, 60, 25, 166, 139, 40]"
51,15,11,"[191, 179, 47, 98, 46, 4, 143, 154, 197, 87, 32, 167, 163, 129, 162]"
52,15,12,"[103, 179, 23, 97, 166, 6, 114, 154, 110, 105, 95, 1, 61, 120, 172]"
53,15,13,"[65, 5, 63, 119, 44, 171, 9, 110, 197, 97, 0, 195, 106, 94, 146]"
54,15,14,"[53, 165, 197, 164, 162, 82, 147, 187, 40, 56, 104, 126, 79, 184, 110]"
55,15,15,"[96, 38, 61, 117, 40, 127, 67, 94, 190, 119, 28, 112, 121, 197, 161]"
56,15,16,"[80, 141, 137, 190, 46, 50, 179, 117, 61, 129, 103, 169, 69, 21, 59]"
57,15,17,"[24, 180, 117, 61, 137, 90, 109, 17, 98, 15, 51, 67, 43, 94, 97]"
58,15,18,"[199, 100, 19, 98, 108, 86, 147, 81, 37, 87, 4, 83, 188, 185, 21]"
59,15,19,"[140, 33, 37, 121, 184, 82, 168, 152, 166, 162, 115, 100, 190, 44, 172]"
60,20,0,"[10, 182, 190, 163, 44, 118, 1, 177, 185, 81, 32, 168, 154, 137, 41, 42, 192, 23, 157, 46]"
61,20,1,"[127, 147, 170, 197, 79, 82, 143, 63, 129, 146, 4, 180, 190, 47, 187, 140, 12, 44, 54, 166]"
62,20,2,"[86, 124, 44, 162, 87, 62, 128, 2, 52, 97, 55, 138, 61, 46, 177, 96, 100, 185, 154, 187]"
63,20,3,"[186, 189, 81, 43, 161, 36, 179, 17, 119, 41, 88, 30, 52, 146, 45, 90, 148, 162, 37, 54]"
64,20,4,"[149, 114, 164, 2, 146, 191, 112, 81, 190, 188, 13, 194, 45, 105, 172, 186, 174, 61, 44, 98]"
65,20,5,"[103, 193, 125, 137, 15, 111, 151, 190, 135, 145, 199, 35, 146, 8, 119, 32, 124, 61, 108, 188]"
66,20,6,"[4, 142, 120, 63, 21, 133, 158, 61, 87, 185, 199, 189, 97, 94, 17, 140, 195, 15, 8, 125]"
67,20,7,"[134, 168, 146, 47, 22, 90, 143, 176, 79, 98, 82, 3, 43, 135, 161, 127, 142, 108, 105, 197]"
68,20,8,"[199, 165, 117, 157, 46, 181, 138, 106, 129, 47, 86, 83, 176, 40, 21, 10, 34, 121, 8, 135]"
69,20,9,"[191, 1, 164, 146, 129, 140, 182, 8, 58, 69, 196, 68, 105, 87, 121, 39, 194, 43, 170, 152]"
70,20,10,"[186, 179, 177, 59, 154, 103, 112, 152, 23, 164, 60, 25, 166, 139, 40, 39, 189, 94, 61, 129]"
71,20,11,"[191, 179, 47, 98, 46, 4, 143, 154, 197, 87, 32, 167, 163, 129, 162, 111, 142, 61, 8, 185]"
72,20,12,"[103, 179, 23, 97, 166, 6, 114, 154, 110, 105, 95, 1, 61, 120, 172, 149, 3, 19, 157, 87]"
73,20,13,"[65, 5, 63, 119, 44, 171, 9, 110, 197, 97, 0, 195, 106, 94, 146, 91, 141, 46, 15, 157]"
74,20,14,"[53, 165, 197, 164, 162, 82, 147, 187, 40, 56, 104, 126, 79, 184, 110, 140, 128, 125, 185, 15]"
75,20,15,"[96, 38, 61, 117, 40, 127, 67, 94, 190, 119, 28, 112, 121, 197, 161, 186, 130, 23, 8, 69]"
76,20,16,"[80, 141, 137, 190, 46, 50, 179, 117, 61, 129, 103, 169, 69, 21, 59, 76, 5, 54, 98, 81]"
77,20,17,"[24, 180, 117, 61, 137, 90, 109, 17, 98, 15, 51, 67, 43, 94, 97, 113, 34, 125, 185, 172]"
78,20,18,"[199, 100, 19, 98, 108, 86, 147, 81, 37, 87, 4, 83, 188, 185, 21, 136, 150, 154, 162, 161]"
79,20,19,"[140, 33, 37, 121, 184, 82, 168, 152, 166, 162, 115, 100, 190, 44, 172, 42, 38, 154, 8, 97]"
80,50,0,"[10, 182, 190, 163, 44, 118, 1, 177, 185, 81, 32, 168, 154, 137, 41, 42, 192, 23, 157, 46, 27, 82, 198, 133, 115, 113, 91, 104, 134, 149, 195, 165, 114, 155, 73, 101, 150, 38, 130, 77, 161, 125, 57, 58, 52, 43, 188, 110, 152, 120]"
81,50,1,"[127, 147, 170, 197, 79, 82, 143, 63, 129, 146, 4, 180, 190, 47, 187, 140, 12, 44, 54, 166, 27, 26, 78, 132, 191, 183, 115, 36, 86, 39, 83, 1, 165, 150, 141, 189, 194, 124, 67, 102, 19, 139, 45, 177, 40, 97, 162, 14, 157, 110]"
82,50,2,"[86, 124, 44, 162, 87, 62, 128, 2, 52, 97, 55, 138, 61, 46, 177, 96, 100, 185, 154, 187, 16, 122, 32, 103, 28, 133, 0, 95, 10, 48, 147, 130, 5, 189, 180, 73, 165, 168, 116, 182, 43, 161, 23, 119, 41, 45, 176, 20, 15, 163]"
83,50,3,"[186, 189, 81, 43, 161, 36, 179, 17, 119, 41, 88, 30, 52, 146, 45, 90, 148, 162, 37, 54, 18, 65, 78, 159, 104, 76, 160, 48, 31, 74, 38, 151, 155, 194, 112, 174, 156, 100, 130, 138, 176, 57, 170, 108, 184, 125, 190, 164, 59, 63]"
84,50,4,"[149, 114, 164, 2, 146, 191, 112, 81, 190, 188, 13, 194, 45, 105, 172, 186, 174, 61, 44, 98, 175, 7, 71, 24, 50, 118, 32, 78, 55, 91, 143, 156, 158, 68, 99, 144, 64, 116, 72, 131, 162, 166, 170, 184, 19, 177, 94, 120, 79, 46]"
85,50,5,"[103, 193, 125, 137, 15, 111, 151, 190, 135, 145, 199, 35, 146, 8, 119, 32, 124, 61, 108, 188, 160, 80, 74, 55, 65, 62, 123, 127, 6, 196, 114, 147, 130, 141, 9, 150, 156, 100, 38, 112, 163, 58, 154, 45, 22, 139, 164, 14, 44, 121]"
86,50,6,"[4, 142, 120, 63, 21, 133, 158, 61, 87, 185, 199, 189, 97, 94, 17, 140, 195, 15, 8, 125, 80, 39, 76, 78, 50, 24, 28, 175, 115, 95, 93, 5, 102, 9, 150, 12, 35, 116, 64, 126, 177, 54, 105, 197, 59, 22, 117, 157, 98, 188]"
87,50,7,"[134, 168, 146, 47, 22, 90, 143, 176, 79, 98, 82, 3, 43, 135, 161, 127, 142, 108, 105, 197, 18, 196, 31, 122, 16, 103, 191, 136, 133, 70, 158, 93, 182, 84, 112, 67, 180, 114, 34, 169, 162, 59, 46, 164, 154, 45, 185, 137, 23, 139]"
88,50,8,"[199, 165, 117, 157, 46, 181, 138, 106, 129, 47, 86, 83, 176, 40, 21, 10, 34, 121, 8, 135, 62, 29, 31, 136, 175, 6, 127, 74, 26, 134, 153, 77, 109, 141, 194, 174, 38, 9, 75, 116, 97, 56, 119, 161, 164, 163, 58, 22, 63, 41]"
89,50,9,"[191, 1, 164, 146, 129, 140, 182, 8, 58, 69, 196, 68, 105, 87, 121, 39, 194, 43, 170, 152, 183, 175, 53, 86, 78, 198, 76, 36, 118, 6, 144, 124, 156, 83, 107, 151, 75, 112, 116, 178, 63, 47, 187, 21, 184, 17, 54, 137, 177, 97]"
90,50,10,"[186, 179, 177, 59, 154, 103, 112, 152, 23, 164, 60, 25, 166, 139, 40, 39, 189, 94, 61, 129, 24, 127, 196, 181, 183, 32, 171, 28, 7, 27, 38, 1, 34, 66, 33, 144, 173, 142, 67, 99, 106, 46, 184, 58, 11, 87, 41, 15, 190, 45]"
91,50,11,"[191, 179, 47, 98, 46, 4, 143, 154, 197, 87, 32, 167, 163, 129, 162, 111, 142, 61, 8, 185, 90, 127, 49, 76, 10, 62, 88, 16, 91, 78, 174, 75, 109, 182, 128, 150, 138, 25, 126, 169, 56, 187, 105, 145, 166, 157, 137, 22, 176, 146]"
92,50,12,"[103, 179, 23, 97, 166, 6, 114, 154, 110, 105, 95, 1, 61, 120, 172, 149, 3, 19, 157, 87, 115, 60, 32, 118, 10, 191, 74, 16, 27, 70, 192, 75, 168, 33, 67, 84, 112, 38, 77, 124, 161, 185, 125, 79, 98, 119, 63, 187, 146, 190]"
93,50,13,"[65, 5, 63, 119, 44, 171, 9, 110, 197, 97, 0, 195, 106, 94, 146, 91, 141, 46, 15, 157, 140, 133, 199, 86, 136, 32, 39, 6, 159, 123, 173, 75, 150, 35, 109, 167, 92, 112, 34, 155, 145, 177, 152, 21, 69, 125, 58, 79, 190, 19]"
94,50,14,"[53, 165, 197, 164, 162, 82, 147, 187, 40, 56, 104, 126, 79, 184, 110, 140, 128, 125, 185, 15, 91, 48, 171, 103, 127, 133, 7, 132, 181, 39, 173, 68, 194, 67, 155, 9, 195, 192, 12, 93, 58, 170, 52, 119, 152, 14, 8, 120, 59, 11]"
95,50,15,"[96, 38, 61, 117, 40, 127, 67, 94, 190, 119, 28, 112, 121, 197, 161, 186, 130, 23, 8, 69, 133, 159, 171, 91, 113, 80, 32, 18, 71, 196, 141, 128, 35, 99, 92, 158, 195, 68, 138, 12, 172, 185, 52, 163, 11, 152, 145, 97, 20, 108]"
96,50,16,"[80, 141, 137, 190, 46, 50, 179, 117, 61, 129, 103, 169, 69, 21, 59, 76, 5, 54, 98, 81, 60, 89, 186, 175, 71, 65, 7, 113, 199, 55, 112, 138, 101, 130, 109, 158, 194, 85, 148, 72, 185, 11, 22, 125, 188, 166, 162, 97, 79, 2]"
97,50,17,"[24, 180, 117, 61, 137, 90, 109, 17, 98, 15, 51, 67, 43, 94, 97, 113, 34, 125, 185, 172, 175, 171, 18, 70, 50, 28, 118, 104, 39, 53, 84, 194, 5, 1, 33, 68, 195, 99, 173, 126, 152, 57, 8, 176, 69, 14, 121, 21, 105, 166]"
98,50,18,"[199, 100, 19, 98, 108, 86, 147, 81, 37, 87, 4, 83, 188, 185, 21, 136, 150, 154, 162, 161, 50, 113, 80, 133, 65, 39, 149, 171, 48, 7, 116, 73, 128, 38, 194, 102, 192, 75, 155, 68, 163, 187, 152, 105, 190, 184, 58, 46, 135, 59]"
99,50,19,"[140, 33, 37, 121, 184, 82, 168, 152, 166, 162, 115, 100, 190, 44, 172, 42, 38, 154, 8, 97, 89, 62, 86, 132, 133, 29, 51, 113, 16, 198, 174, 72, 131, 169, 93, 189, 138, 75, 165, 84, 56, 139, 117, 59, 40, 170, 105, 57, 164, 98]"
